{
  "DOCTYPE": "MULTI_DIR_ANIMATION",
  "namedSheets": {
    "idle": {
      "src": "turret.png",
      "xCount": 4,
      "offX": 0,
      "offY": 0,
      "width": 32,
      "height": 32
    },
    "move": {
      "src": "turret.png",
      "xCount": 4,
      "offX": 0,
      "offY": 96,
      "width": 32,
      "height": 32
    },
    "toggle": {
      "src": "turret.png",
      "xCount": 1,
      "offX": 128,
      "offY": 0,
      "width": 32,
      "height": 32
    },
    "turret": {
      "src": "turret.png",
      "xCount": 3,
      "offX": 160,
      "offY": 0,
      "width": 32,
      "height": 32
    },
    "ponder": {
      "src": "turret.png",
      "xCount": 8,
      "offX": 0,
      "offY": 160,
      "width": 16,
      "height": 16
    },
    "lighting": {
      "src": "turret.png",
      "xCount": 1,
      "offX": 256,
      "offY": 0,
      "width": 40,
      "height": 40
    }
  },
  "offset": {
    "x": 0,
    "y": 0,
    "z": 0
  },
  "SUB": [
    {
      "sheet": "idle",
      "dirs": 1,
      "flipX": [
        0
      ],
      "SUB": [
        {
          "tileOffsets": [
            0
          ],
          "SUB": [
            {
              "name": "stopWork",
              "time": 0.06,
              "repeat": false,
              "frames": [
                0
              ]
            },
            {
              "name": "ready",
              "time": 0.06,
              "repeat": true,
              "frames": [
                0,
                1,
                2,
                3
              ]
            },
            {
              "name": "idle",
              "time": 0.06,
              "repeat": false,
              "frames": [8]
            },
            {
              "name": "ponder",
              "time": 0.06,
              "repeat": false,
              "frames": [
                8
              ]
            },
            {
              "name": "ponderPro",
              "time": 0.06,
              "repeat": false,
              "frames": [
                8
              ]
            },
            {
              "name": "damage",
              "time": 0.03,
              "repeat": false,
              "frames": [8,9,8]
            },
             {
              "name": "shake",
              "time": 0.06,
              "repeat": true,
              "frames": [8,9,8]
            },
            {
              "name": "on",
              "time": 0.06,
              "repeat": false,
              "frames": [
                3,
                4,
                5,
                6,
                7,
                8
              ]
            },
            {
              "name": "off",
              "time": 0.06,
              "repeat": false,
              "frames": [
                8,
                6,
                5,
                4,
                3
              ]
            }
          ]
        }
      ]
    },
    {
      "sheet": "move",
      "dirs": 8,
      "flipX": [
        0,
        0,
        0,
        0,
        0,
        0,
        0,
        0
      ],
      "SUB": [
        {
          "tileOffsets": [
            0,
            0,
            0,
            0,
            0,
            0,
            0,
            0
          ],
          "SUB": [
            {
              "name": "move",
              "time": 0.06,
              "repeat": true,
              "frames": [
                0,
                1,
                2,
                3,
                4,
                5,
                6,
                7
              ]
            },
              {
              "name": "run",
              "time": 0.03,
              "repeat": true,
              "frames": [
                0,
                1,
                2,
                3,
                4,
                5,
                6,
                7
              ]
            }
          ]
        }
      ]
    },
    {
      "sheet": "toggle",
      "dirs": 1,
      "flipX": [
        0
      ],
      "SUB": [
        {
          "tileOffsets": [
            0
          ],
          "SUB": [
                {
              "name": "toggleOn",
              "time": 0.12,
              "repeat": false,
              "frames": [0, 1, 3, 2, 3, 3, 3, 4, 5, 6, 6]
            },
            {
              "name": "toggleOff",
              "time": 0.09,
              "repeat": false,
              "frames": [6, 5, 4, 3, 2, 1, 0]
            }
          ]
        }
      ]
    },
    {
      "sheet": "turret",
      "dirs": "8",
      "flipX": [
        0,
        0,
        0,
        0,
        0,
        0,
        0,
        0
      ],
      "anchorOffsetX": [
        0,
        8,
        12,
        8,
        0,
        -8,
        -12,
        -8
      ],
      "anchorOffsetY": [
        -20,
        -10,
        -4,
        0,
        4,
        0,
        -4,
        -10
      ],
      "anchorOffsetZ": [
        12,
        12,
        12,
        12,
        12,
        12,
        12,
        12
      ],
      "SUB": [
        {
          "tileOffsets": [
            0,
            3,
            6,
            9,
            12,
            15,
            18,
            21
          ],
          "SUB": [
            {
              "name": "aimNeutral",
              "time": 0.15,
              "repeat": true,
              "frames": [
                0
              ]
            },
            {
              "name": "aimHeat",
              "time": 0.15,
              "repeat": true,
              "frames": [
                0
              ]
            },
            {
              "name": "aimCold",
              "time": 0.15,
              "repeat": true,
              "frames": [
                0
              ]
            },
            {
              "name": "aimShock",
              "time": 0.15,
              "repeat": true,
              "frames": [
                0
              ]
            },
            {
              "name": "aimSteam",
              "time": 0.15,
              "repeat": true,
              "frames": [
                0
              ]
            },
            {
              "name": "shootNeutral",
              "time": 0.06,
              "repeat": false,
              "frames": [
                1
              ]
            },
            {
              "name": "shootHeat",
              "time": 0.06,
              "repeat": false,
              "frames": [
                1
              ]
            },
            {
              "name": "shootCold",
              "time": 0.06,
              "repeat": false,
              "frames": [
                1
              ]
            },
            {
              "name": "shootShock",
              "time": 0.06,
              "repeat": false,
              "frames": [
                1
              ]
            },
            {
              "name": "shootSteam",
              "time": 0.06,
              "repeat": false,
              "frames": [
                1
              ]
            },
            {
              "name": "stun",
              "time": 0.06,
              "repeat": true,
              "frames": [
                0,
                1
              ],
              "framesGfxOffset": [
                0,
                0,
                1,
                0
              ]
            }
          ]
        },
        {
          "tileOffsets": [
            14,
            14,
            14,
            14,
            14,
            14,
            14,
            14
          ],
          "SUB": [
            {
              "name": "aimNeutral",
              "time": 0.15,
              "repeat": true,
              "frames": [
                0
              ]
            },
            {
              "name": "shootNeutral",
              "time": 0.06,
              "repeat": false,
              "frames": [
                0
              ]
            }
          ]
        },
        {
          "tileOffsets": [
            2,
            2,
            2,
            2,
            2,
            2,
            2,
            2
          ],
          "SUB": [
            {
              "name": "aimHeat",
              "time": 0.15,
              "repeat": true,
              "frames": [
                0
              ]
            },
            {
              "name": "shootHeat",
              "time": 0.06,
              "repeat": false,
              "frames": [
                0
              ]
            }
          ]
        },
        {
          "tileOffsets": [
            5,
            5,
            5,
            5,
            5,
            5,
            5,
            5
          ],
          "SUB": [
            {
              "name": "aimCold",
              "time": 0.15,
              "repeat": true,
              "frames": [
                0
              ]
            },
            {
              "name": "shootCold",
              "time": 0.06,
              "repeat": false,
              "frames": [
                0
              ]
            }
          ]
        },
        {
          "tileOffsets": [
            8,
            8,
            8,
            8,
            8,
            8,
            8,
            8
          ],
          "SUB": [
            {
              "name": "aimShock",
              "time": 0.15,
              "repeat": true,
              "frames": [
                0
              ]
            },
            {
              "name": "shootShock",
              "time": 0.06,
              "repeat": false,
              "frames": [
                0
              ]
            }
          ]
        },
        {
          "tileOffsets": [
            11,
            11,
            11,
            11,
            11,
            11,
            11,
            11
          ],
          "SUB": [
            {
              "name": "aimSteam",
              "time": 0.15,
              "repeat": true,
              "frames": [
                0
              ]
            },
            {
              "name": "shootSteam",
              "time": 0.06,
              "repeat": false,
              "frames": [
                0
              ]
            }
          ]
        }
      ]
    },
    {
      "sheet": "ponder",
      "offset": {
        "x": 0,
        "y": 0
      },
      "gfxOffset": {
        "x": 0,
        "y": -16
      },
      "dirs": 1,
      "flipX": [
        0
      ],
      "SUB": [
        {
          "tileOffsets": [
            0
          ],
          "SUB": [
            {
              "name": "ponder",
              "time": 0.06,
              "repeat": true,
              "frames": [
                0,
                1,
                2,
                3,
                4,
                5,
                6,
                7
              ]
            },
              {
              "name": "ponderPro",
              "time": 0.06,
              "repeat": true,
              "frames": [
                0, 1, 2, 3, 4, 5, 6, 7,
                7,6,5,4,3,2,1,0
              ]
            }
          ]
        }
      ]
    },
    {
      "gfxOffset": {
        "x": 0,
        "y": -6
      },
      "sheet": "lighting",
      "renderMode": "lighter",
      "dirs": "8",
      "SUB": [
        {
          "tileOffsets": [
            4,
            4,
            4,
            4,
            4,
            4,
            4,
            4
          ],
          "SUB": [
            {
              "name": "aimNeutral",
              "time": 0.15,
              "repeat": true,
              "frames": [
                0
              ]
            },
            {
              "name": "shootNeutral",
              "time": 0.06,
              "repeat": false,
              "frames": [
                0
              ]
            }
          ]
        },
        {
          "tileOffsets": [
            0,
            0,
            0,
            0,
            0,
            0,
            0,
            0
          ],
          "SUB": [
            {
              "name": "aimHeat",
              "time": 0.15,
              "repeat": true,
              "frames": [
                0
              ]
            },
            {
              "name": "shootHeat",
              "time": 0.06,
              "repeat": false,
              "frames": [
                0
              ]
            }
          ]
        },
        {
          "tileOffsets": [
            1,
            1,
            1,
            1,
            1,
            1,
            1,
            1
          ],
          "SUB": [
            {
              "name": "aimCold",
              "time": 0.15,
              "repeat": true,
              "frames": [
                0
              ]
            },
            {
              "name": "shootCold",
              "time": 0.06,
              "repeat": false,
              "frames": [
                0
              ]
            }
          ]
        },
        {
          "tileOffsets": [
            2,
            2,
            2,
            2,
            2,
            2,
            2,
            2
          ],
          "SUB": [
            {
              "name": "aimShock",
              "time": 0.15,
              "repeat": true,
              "frames": [
                0
              ]
            },
            {
              "name": "shootShock",
              "time": 0.06,
              "repeat": false,
              "frames": [
                0
              ]
            }
          ]
        },
        {
          "tileOffsets": [
            3,
            3,
            3,
            3,
            3,
            3,
            3,
            3
          ],
          "SUB": [
            {
              "name": "aimSteam",
              "time": 0.15,
              "repeat": true,
              "frames": [
                0
              ]
            },
            {
              "name": "shootSteam",
              "time": 0.06,
              "repeat": false,
              "frames": [
                0
              ]
            }
          ]
        }
      ]
    }
  ]
}
