{"id":"eeca-b1d1-c131-05d2","title":"Amethyst Spider","originalDirPath":"D:/引擎工具/3Dpixelate/模型库/动画","originalFilePath":"D:/引擎工具/3Dpixelate/模型库/动画/amethyst_spider.zip","previewFlipX":false,"duration":1.440000057220459,"state":{"camera":{"pos":{"x":9467.291332028111,"y":6465.18706389731,"z":7672.10693366361},"rotation":{"x":-0.6999973225248995,"y":0.7576635912216358,"z":0.5247148839513435},"pan":{"x":1.046,"y":18.875,"z":18.734},"dist":13774.572849022461,"fov":1}},"model":{"axis":"y","pos":{"x":0,"y":0,"z":0},"rotation":{"x":0,"y":0,"z":0},"rotationZ":0,"rotationX":0,"scale":2.25037,"defaultAngle":0},"modelTree":{},"light":{"intensity":0.5,"intensity2":1,"color":"#FFFFFF","color2":"#FFFFFF","pos":{"x":-6.123233995736766e-14,"y":1000,"z":-500},"modelShadow":false,"shadow":false,"shadowOpacity":0.1,"normalBias":1,"shadowMap":{"x":8192,"y":8192},"angle":180,"radius":500},"outline":{"color":"#FFFFFF","enabled":false,"edgeStrength":2,"edgeGlow":0,"edgeThickness":0.00001},"camera":{"fov":1,"dist":13775,"angle":43,"pan":{"x":1.046,"y":18.875,"z":18.734},"lookAtSphere":100},"objectTree":{},"color":0,"exportShadow":false,"exportSingleImg":false,"lockCameraAngle":false,"lockLightToCameraTarget":false,"other":{"hdr":null,"code":"GammaEncoding"},"unDir":[],"currentMesh":"default","canvasSize":{"w":894,"h":737},"size":{"w":440,"h":320},"frameSize":{"w":220,"h":160},"winSize":{"w":1196,"h":929},"dirAngle":45,"partAnim":{"scene.gltf":{"idle":{"anim":"animation.amethist_walker.walk","unDir":[],"duration":{"b":0,"e":1.440000057220459},"keyFrame":[0,0.18,0.36,0.54,0.72,0.9,1.08,1.26],"animFrames":[0,1,2,3,4,5,6,7]}}},"smallScaleNum":{"w":0,"h":0},"smallScaleImage3D":1,"smallScaleImage3DFactor":2,"exportTimeout":100,"renderMode":"default","dirAngleDiy":[0,45,90,135,180,225,270,315],"modelFile":"scene.gltf","modelGroup":{},"modelGroupCurrent":"all","syncCameraAngleToLight":false,"materialTree":{},"tag":"","thetaAngle":45,"hideControl":true,"asset":{"author":"Nova67 (https://sketchfab.com/nova67)","license":"CC-BY-NC-ND-4.0 (http://creativecommons.org/licenses/by-nc-nd/4.0/)","source":"https://sketchfab.com/3d-models/amethyst-spider-0aee8cb8db3c4499a3c963cdd0adf417","title":"Amethyst Spider"}}