{"id":"9ec6-aeb2-e60f-d9af","title":"Low poly fox by PixelMannen (Animated)","originalDirPath":"D:/引擎工具/3Dpixelate/模型库/动画","originalFilePath":"D:/引擎工具/3Dpixelate/模型库/动画/low_poly_fox_by_pixelmannen_animated.zip","previewFlipX":false,"duration":15.9375,"state":{"camera":{"pos":{"x":-4034.2821426196388,"y":5179.22765636959,"z":2631.1482973870006},"rotation":{"x":-1.099193527237265,"y":-0.6087682149568453,"z":-0.8425286811509137},"pan":{"x":9.36,"y":11.661,"z":-4.228},"dist":7071.067811865476,"fov":1}},"model":{"axis":"y","pos":{"x":0,"y":0,"z":0},"rotation":{"x":0,"y":0,"z":0},"rotationZ":0,"rotationX":0,"scale":0.66256,"defaultAngle":0},"modelTree":{},"light":{"intensity":0.5,"intensity2":1,"color":"#FFFFFF","color2":"#FFFFFF","pos":{"x":-6.123233995736766e-14,"y":1000,"z":-500},"modelShadow":false,"shadow":false,"shadowOpacity":0.1,"normalBias":1,"shadowMap":{"x":8192,"y":8192},"angle":180,"radius":500},"outline":{"color":"#FFFFFF","enabled":false,"edgeStrength":2,"edgeGlow":0,"edgeThickness":0.00001},"camera":{"fov":1,"dist":7071,"angle":47,"pan":{"x":9.36,"y":11.661,"z":-4.228},"lookAtSphere":100},"objectTree":{},"color":0,"exportShadow":false,"exportSingleImg":false,"lockCameraAngle":false,"lockLightToCameraTarget":false,"other":{"hdr":null,"code":"GammaEncoding"},"unDir":[],"currentMesh":"default","canvasSize":{"w":894,"h":737},"size":{"w":572,"h":320},"frameSize":{"w":286,"h":160},"winSize":{"w":1196,"h":929},"dirAngle":45,"partAnim":{"scene.gltf":{"idle":{"anim":"Take 001","unDir":[],"duration":{"b":0,"e":15.9375},"keyFrame":[0,1.992,3.984,5.977,7.969,9.961,11.953,13.945],"animFrames":[0,1,2,3,4,5,6,7]}}},"smallScaleNum":{"w":0,"h":0},"smallScaleImage3D":1,"smallScaleImage3DFactor":2,"exportTimeout":100,"renderMode":"default","dirAngleDiy":[0,45,90,135,180,225,270,315],"modelFile":"scene.gltf","modelGroup":{},"modelGroupCurrent":"all","syncCameraAngleToLight":false,"materialTree":{},"tag":"","thetaAngle":45,"hideControl":true,"asset":{"author":"tomkranis (https://sketchfab.com/tomkranis)","license":"CC-BY-4.0 (http://creativecommons.org/licenses/by/4.0/)","source":"https://sketchfab.com/models/371dea88d7e04a76af5763f2a36866bc","title":"Low poly fox by PixelMannen (Animated)"}}