{"DOCTYPE":"MULTI_DIR_ANIMATION","namedSheets":{"walk":{"src":"project011.png","xCount":20,"offX":0,"offY":0,"width":128,"height":128},"battle":{"src":"project012.png","xCount":20,"offX":0,"offY":0,"width":128,"height":128},"attack":{"src":"project013.png","xCount":20,"offX":0,"offY":0,"width":128,"height":128},"attack2":{"src":"project013.png","xCount":20,"offX":0,"offY":0,"width":128,"height":128},"poses":{"src":"project014.png","xCount":20,"offX":0,"offY":0,"width":128,"height":128},"turret":{"src":"turret.png","width":56,"height":56}},"shapeType":"Y_FLAT","offset":{"x":0,"y":0,"z":0},"SUB":[{"sheet":"walk","dirs":"8","flipX":[0,0,0,0,0,0,1,0],"tileOffsets":[0,0,40,80,80,80,40,0],"SUB":[{"name":"idle","time":0.1333,"repeat":true,"frames":[1,0,2,3],"dirs":"8","flipX":[0,0,0,0,0,0,1,0],"tileOffsets":[0,0,40,80,80,80,40,0]},{"name":"preIdle","time":0.1,"repeat":false,"frames":[1]},{"name":"walk","time":0.133,"repeat":true,"frames":[5,6,7,8,9,10,11,12]},{"name":"run","time":0.08,"repeat":true,"frames":[5,6,7,8,9,10,11,12]},{"name":"jump","time":0.08,"repeat":false,"frames":[16]},{"name":"fall","time":0.08,"repeat":false,"frames":[14,13,14,15,16]}]},{"sheet":"battle","dirs":"6","flipX":[0,0,0,0,0,0,1,0],"tileOffsets":[0,0,40,80,80,80,40,0],"SUB":[{"name":"aim","time":0.1,"repeat":true,"frames":[0]},{"name":"aimMove","time":0.1,"repeat":true,"frames":[0]},{"name":"aimMoveRev","time":0.1,"repeat":true,"frames":[0]},{"name":"damage","time":0.07,"repeat":true,"frames":[0,1,2],"framesGfxOffset":[0,0,1,0]},{"name":"charge","time":0.1,"repeat":false,"frames":[0]}]},{"sheet":"attack","dirs":"8","flipX":[0,0,0,0,0,0,1,0],"tileOffsets":[0,0,40,80,80,80,40,0],"SUB":[{"name":"spinFull","time":0.03,"repeat":false,"frames":[2]},{"name":"spinShort","time":0.13,"repeat":false,"frames":[0,1,2,3]},{"name":"attackEnd","time":0.13,"repeat":false,"frames":[4,5]},{"name":"spinShortRev","time":0.13,"repeat":false,"frames":[6,7,8,9]},{"name":"attackEndRev","time":0.13,"repeat":false,"frames":[10,11]},{"name":"attackFinisher","time":0.13,"repeat":false,"frames":[12,13,14,15]},{"name":"attackFinisherEnd","time":0.13,"repeat":false,"frames":[16,17]}]},{"sheet":"attack2","dirs":"8","flipX":[0,0,0,0,0,0,1,0],"tileOffsets":[0,0,40,80,80,80,40,0],"SUB":[{"name":"specialDash","time":0.1,"repeat":true,"frames":[0]},{"name":"specialHit","time":0.05,"repeat":false,"frames":[1,2]},{"name":"specialPost","time":0.066,"repeat":false,"frames":[3,4]}]},{"sheet":"poses","dirs":"2","flipX":[0,1],"SUB":[{"tileOffsets":[0,0],"SUB":[{"name":"exhausted","time":0.15,"repeat":true,"frames":[0,1,2,1]},{"name":"hugged","time":0.15,"repeat":true,"frames":[3]},{"name":"huggedShake","time":0.066,"repeat":true,"frames":[3,3],"framesGfxOffset":[0,0,1,0]}]}]},{"sheet":"poses","dirs":"1","flipX":[0],"tileOffsets":[4],"SUB":[{"name":"itemFetch","time":0.05,"repeat":false,"frames":[0,1]},{"name":"itemHold","time":0.1,"repeat":false,"frames":[2]},{"name":"itemEatFast","time":0.1,"repeat":false,"frames":[3,4,5,6,5,6,7,7]},{"name":"itemEffect","time":0.05,"repeat":false,"frames":[8,9,10]}]},{"sheet":"battle","dirs":"4","flipX":[0,0,0,1,0],"tileOffsets":[0,16,32,16],"SUB":[{"name":"sit","time":0.1,"repeat":false,"frames":[10]},{"name":"sitFaceUpRight","time":0.1,"repeat":false,"frames":[11]},{"name":"sitFaceDownLeft","time":0.1,"repeat":false,"frames":[12]}]},{"sheet":"turret","SUB":[{"name":"action1","dirs":4,"time":0.2,"repeat":true,"frames":[0,1],"flipX":[0,0,0,0],"tileOffsets":[0,0,0,0]}]}]}