{"DOCTYPE":"MULTI_DIR_ANIMATION","namedSheets":{"walk":{"src":"maleone-move.png","xCount":20,"offX":0,"offY":0,"width":48,"height":48},"attack":{"src":"maleone-attack.png","xCount":20,"offX":0,"offY":288,"width":48,"height":48},"crowbarAttack":{"src":"maleone-attack.png","xCount":20,"offX":0,"offY":432,"width":48,"height":48}},"shapeType":"Y_FLAT","offset":{"x":0,"y":0,"z":0},"dirs":8,"SUB":[{"sheet":"walk","flipX":[0,0,0,0,0,0,1,0],"SUB":[{"tileOffsets":[0,0,20,40,40,40,20,0],"SUB":[{"name":"idle","time":1,"repeat":false,"frames":[1]},{"name":"walk","time":0.1333,"repeat":true,"frames":[0,1,2,1]},{"name":"run","time":0.0666,"repeat":true,"frames":[3,4,5,6,7,8]},{"name":"brake","time":0.07,"repeat":false,"frames":[9,10]},{"name":"preIdle","time":0.07,"repeat":false,"frames":[11]},{"name":"damage","time":0.07,"repeat":true,"frames":[12,13]}]},{"tileOffsets":[60,60,80,100,100,100,80,60],"SUB":[{"name":"startAim","time":0.01,"repeat":false,"frames":[2]},{"name":"startCharge","time":0.05,"repeat":false,"frames":[2,3]},{"name":"charge","time":0.1,"repeat":true,"frames":[4,5,6,7]}]},{"tileOffsets":[120,120,140,160,160,160,140,120],"SUB":[{"name":"aim","time":0.1,"repeat":false,"frames":[2]},{"name":"aimMove","time":0.1,"repeat":true,"frames":[3,4,5,4]},{"name":"aimMoveRev","time":0.1,"repeat":true,"frames":[4,5,4,3]},{"name":"jump","time":0.1,"repeat":true,"frames":[7]},{"name":"fall","time":0.1,"repeat":true,"frames":[8]},{"name":"guard","time":0.1,"repeat":false,"frames":[9,10,11]},{"name":"hover","time":0.2,"repeat":true,"frames":[12,13,14,13]}]},{"dirs":4,"flipX":[0,0,0,1],"tileOffsets":[180,200,220,200],"SUB":[{"name":"gripStand","time":0.05,"repeat":false,"frames":[0]},{"name":"gripPush","time":0.15,"repeat":true,"frames":[1,2,3,2]},{"name":"gripPull","time":0.15,"repeat":true,"frames":[4,5,6,5]}]}]},{"sheet":"attack","anchorOffsetX":[1,15,20,16,0,-16,-20,-15],"anchorOffsetY":[-21,-18,-6,4,10,4,-6,-18],"anchorOffsetZ":[12,12,12,12,12,12,12,12],"flipX":[0,0,0,0,0,0,1,0],"SUB":[{"tileOffsets":[0,0,20,40,40,40,20,0],"SUB":[{"name":"attack","time":0.04,"repeat":false,"frames":[0,0]},{"name":"attackEnd","time":0.04,"repeat":false,"frames":[1,2,2,2,2]},{"name":"attackRev","time":0.04,"repeat":false,"frames":[3,3]},{"name":"attackEndRev","time":0.04,"repeat":false,"frames":[4,5,5,5,5]},{"name":"attackFinisher","time":0.05,"repeat":false,"frames":[6,6,6,6,6,6,6,6,7,7,8,8,8,8,8]},{"name":"attackFinisherEnd","time":0.05,"repeat":false,"frames":[8]}]}]},{"sheet":"crowbarAttack","anchorOffsetX":[1,15,20,16,0,-16,-20,-15],"anchorOffsetY":[-21,-18,-6,4,10,4,-6,-18],"anchorOffsetZ":[12,12,12,12,12,12,12,12],"flipX":[0,0,0,0,0,0,1,0],"SUB":[{"tileOffsets":[0,0,20,40,40,40,20,0],"SUB":[{"name":"crowbarAttack","time":0.04,"repeat":false,"frames":[0,0]},{"name":"crowbarAttackEnd","time":0.04,"repeat":false,"frames":[0,1,2,2,2,2]},{"name":"crowbarAttackRev","time":0.04,"repeat":false,"frames":[3,3]},{"name":"crowbarAttackEndRev","time":0.04,"repeat":false,"frames":[3,4,5,5,5,5]},{"name":"crowbarAttackFinisher","time":0.05,"repeat":false,"frames":[6,6]},{"name":"crowbarAttackFinisherEnd","time":0.04,"repeat":false,"frames":[6,6,6,7,7,8,8,8,8,8]}]}]}]}