{"id":"8867-8d8a-de67-a014","title":"Pixel Boxs - low poly (FREE)","originalDirPath":"D:/引擎工具/3Dpixelate/模型库/动画","originalFilePath":"D:/引擎工具/3Dpixelate/模型库/动画/pixel_boxs_-_low_poly_free.zip","previewFlipX":false,"duration":4.916669845581055,"state":{"camera":{"pos":{"x":11309.650732589831,"y":9070.84380712335,"z":-216.6718827077507},"rotation":{"x":-1.5947762887395132,"y":0.8959977445514229,"z":1.6015033110251893},"pan":{"x":-12.074,"y":14.998,"z":0.529},"dist":14499.550140320689,"fov":1}},"model":{"axis":"y","pos":{"x":0,"y":0,"z":0},"rotation":{"x":0,"y":0,"z":0},"rotationZ":0,"rotationX":0,"scale":15.03707,"defaultAngle":0},"modelTree":{},"light":{"intensity":0.5,"intensity2":1,"color":"#FFFFFF","color2":"#FFFFFF","pos":{"x":-6.123233995736766e-14,"y":1000,"z":-500},"modelShadow":false,"shadow":false,"shadowOpacity":0.1,"normalBias":1,"shadowMap":{"x":8192,"y":8192},"angle":180,"radius":500},"outline":{"color":"#FFFFFF","enabled":false,"edgeStrength":2,"edgeGlow":0,"edgeThickness":0.00001},"camera":{"fov":1,"dist":14500,"angle":39,"pan":{"x":-12.074,"y":14.998,"z":0.529},"lookAtSphere":100},"objectTree":{},"color":0,"exportShadow":false,"exportSingleImg":false,"lockCameraAngle":false,"lockLightToCameraTarget":false,"other":{"hdr":null,"code":"GammaEncoding"},"unDir":[],"currentMesh":"default","canvasSize":{"w":894,"h":737},"size":{"w":596,"h":188},"frameSize":{"w":298,"h":94},"winSize":{"w":1196,"h":929},"dirAngle":45,"partAnim":{"scene.gltf":{"idle":{"anim":"Take 01","unDir":[],"duration":{"b":0,"e":4.916669845581055},"keyFrame":[0,0.615,1.229,1.844,2.458,3.073,3.688,4.302],"animFrames":[0,1,2,3,4,5,6,7]}}},"smallScaleNum":{"w":0,"h":0},"smallScaleImage3D":1,"smallScaleImage3DFactor":2,"exportTimeout":100,"renderMode":"default","dirAngleDiy":[0,45,90,135,180,225,270,315],"modelFile":"scene.gltf","modelGroup":{},"modelGroupCurrent":"all","syncCameraAngleToLight":false,"materialTree":{},"tag":"","thetaAngle":45,"hideControl":true,"asset":{"author":"IDALGAME (https://sketchfab.com/CG_IDA)","license":"CC-BY-4.0 (http://creativecommons.org/licenses/by/4.0/)","source":"https://sketchfab.com/3d-models/pixel-boxs-low-poly-free-13f5e89a862c433088d98880394737be","title":"Pixel Boxs - low poly (FREE)"}}