{"id":"cb61-3251-c73f-79fe","title":"Woden Base 3 AO","originalDirPath":"D:/引擎工具/3Dpixelate/模型库/模型","originalFilePath":"D:/引擎工具/3Dpixelate/模型库/模型/woden_base_3_ao.zip","previewFlipX":false,"duration":0,"state":{"camera":{"pos":{"x":-3858.66220478448,"y":5197.426588761374,"z":-6446.417777077222},"rotation":{"x":-2.46505789894905,"y":-0.43667470860349294,"z":-2.8142227615053113},"pan":{"x":6.2,"y":12.849,"z":10.526},"dist":9138.332917209495,"fov":1}},"model":{"axis":"y","pos":{"x":0,"y":0,"z":0},"rotation":{"x":0,"y":0,"z":0},"rotationZ":0,"rotationX":0,"scale":15.58623,"defaultAngle":0},"modelTree":{},"light":{"intensity":0.5,"intensity2":1,"color":"#FFFFFF","color2":"#FFFFFF","pos":{"x":-6.123233995736766e-14,"y":1000,"z":-500},"modelShadow":false,"shadow":false,"shadowOpacity":0.1,"normalBias":1,"shadowMap":{"x":8192,"y":8192},"angle":180,"radius":500},"outline":{"color":"#FFFFFF","enabled":false,"edgeStrength":2,"edgeGlow":0,"edgeThickness":0.00001},"camera":{"fov":1,"dist":9138,"angle":35,"pan":{"x":6.2,"y":12.849,"z":10.526},"lookAtSphere":100},"objectTree":{},"color":0,"exportShadow":false,"exportSingleImg":false,"lockCameraAngle":false,"lockLightToCameraTarget":false,"other":{"hdr":null,"code":"GammaEncoding"},"unDir":[],"currentMesh":"default","canvasSize":{"w":894,"h":897},"size":{"w":356,"h":424},"frameSize":{"w":178,"h":212},"winSize":{"w":1196,"h":929},"dirAngle":45,"partAnim":{"scene.gltf":{"idle":{"anim":"noname","noAnim":true,"unDir":[],"duration":{"b":0,"e":0},"animFrames":[0],"keyFrame":[0],"frame":1}}},"smallScaleNum":{"w":0,"h":0},"smallScaleImage3D":1,"smallScaleImage3DFactor":2,"exportTimeout":100,"renderMode":"default","dirAngleDiy":[0,45,90,135,180,225,270,315],"modelFile":"scene.gltf","modelGroup":{},"modelGroupCurrent":"all","syncCameraAngleToLight":false,"materialTree":{},"tag":"","thetaAngle":45,"hideControl":true,"asset":{"author":"Vladislav Laryushin (https://sketchfab.com/Zorg741)","license":"CC-BY-4.0 (http://creativecommons.org/licenses/by/4.0/)","source":"https://sketchfab.com/models/00599715c99e4c4eb8f5bb3991536a00","title":"Woden Base 3 AO"}}