{"id":"7bcf-6870-fa42-6f75","title":"03_colors","originalDirPath":"D:/引擎工具/3Dpixelate/模型库/模型","originalFilePath":"D:/引擎工具/3Dpixelate/模型库/模型/03_colors.zip","previewFlipX":false,"duration":0,"state":{"camera":{"pos":{"x":3427.0791606009284,"y":2310.8794757286064,"z":-4866.208810904141},"rotation":{"x":-2.70103945675954,"y":0.5675783413951863,"z":2.8933685505981495},"pan":{"x":-3.637,"y":16.193,"z":1.02},"dist":6381.6387002086,"fov":1}},"model":{"axis":"y","pos":{"x":0,"y":0,"z":0},"rotation":{"x":0,"y":0,"z":0},"rotationZ":0,"rotationX":0,"scale":1.09876,"defaultAngle":0},"modelTree":{},"light":{"intensity":0.5,"intensity2":1,"color":"#FFFFFF","color2":"#FFFFFF","pos":{"x":-6.123233995736766e-14,"y":1000,"z":-500},"modelShadow":false,"shadow":false,"shadowOpacity":0.1,"normalBias":1,"shadowMap":{"x":8192,"y":8192},"angle":180,"radius":500},"outline":{"color":"#FFFFFF","enabled":false,"edgeStrength":2,"edgeGlow":0,"edgeThickness":0.00001},"camera":{"fov":1,"dist":6382,"angle":21,"pan":{"x":-3.637,"y":16.193,"z":1.02},"lookAtSphere":100},"objectTree":{},"color":0,"exportShadow":false,"exportSingleImg":false,"lockCameraAngle":false,"lockLightToCameraTarget":false,"other":{"hdr":null,"code":"GammaEncoding"},"unDir":[],"currentMesh":"default","canvasSize":{"w":894,"h":897},"size":{"w":396,"h":424},"frameSize":{"w":198,"h":212},"winSize":{"w":1196,"h":929},"dirAngle":45,"partAnim":{"scene.gltf":{"idle":{"anim":"noname","noAnim":true,"unDir":[],"duration":{"b":0,"e":0},"animFrames":[0],"keyFrame":[0],"frame":1}}},"smallScaleNum":{"w":0,"h":0},"smallScaleImage3D":1,"smallScaleImage3DFactor":2,"exportTimeout":100,"renderMode":"default","dirAngleDiy":[0,45,90,135,180,225,270,315],"modelFile":"scene.gltf","modelGroup":{},"modelGroupCurrent":"all","syncCameraAngleToLight":false,"materialTree":{},"tag":"","thetaAngle":45,"asset":{"author":"gleb_tihon (https://sketchfab.com/gleb_tihon)","license":"CC-BY-4.0 (http://creativecommons.org/licenses/by/4.0/)","source":"https://sketchfab.com/3d-models/03-colors-8b6c36287eb64a8c9d30338122a4396c","title":"03_colors"},"hideControl":true}