{"id":"7315-8886-18f1-f32a","title":"","originalDirPath":"D:/引擎工具/3Dpixelate/模型库/动画","originalFilePath":"D:/引擎工具/3Dpixelate/模型库/动画/skyco-spider-bot.zip","previewFlipX":false,"duration":8.116700172424316,"state":{"camera":{"pos":{"x":7387.272069094562,"y":10426.215484937304,"z":-8346.969671871559},"rotation":{"x":-2.2465228503142365,"y":0.5057155234955426,"z":2.5980027736584566},"pan":{"x":-6.484,"y":8.105,"z":4.371},"dist":15262.6843582323,"fov":1}},"model":{"axis":"y","pos":{"x":0,"y":0,"z":0},"rotation":{"x":0,"y":0,"z":0},"rotationZ":0,"rotationX":0,"scale":5.70391,"defaultAngle":0},"modelTree":{},"light":{"intensity":0.5,"intensity2":1,"color":"#FFFFFF","color2":"#FFFFFF","pos":{"x":-6.123233995736766e-14,"y":1000,"z":-500},"modelShadow":false,"shadow":false,"shadowOpacity":0.1,"normalBias":1,"shadowMap":{"x":8192,"y":8192},"angle":180,"radius":500},"outline":{"color":"#FFFFFF","enabled":false,"edgeStrength":2,"edgeGlow":0,"edgeThickness":0.00001},"camera":{"fov":1,"dist":15263,"angle":43,"pan":{"x":-6.484,"y":8.105,"z":4.371},"lookAtSphere":100},"objectTree":{},"color":0,"exportShadow":false,"exportSingleImg":false,"lockCameraAngle":false,"lockLightToCameraTarget":false,"other":{"hdr":null,"code":"GammaEncoding"},"unDir":[],"currentMesh":"default","canvasSize":{"w":894,"h":737},"size":{"w":428,"h":324},"frameSize":{"w":214,"h":162},"winSize":{"w":1196,"h":929},"dirAngle":45,"partAnim":{"source/model.gltf":{"idle":{"anim":"animation.spider_bot.start","unDir":[],"duration":{"b":0,"e":4.433300018310547},"keyFrame":[0,0.554,1.108,1.662,2.217,2.771,3.325,3.879],"animFrames":[0,1,2,3,4,5,6,7]}}},"smallScaleNum":{"w":0,"h":0},"smallScaleImage3D":1,"smallScaleImage3DFactor":2,"exportTimeout":100,"renderMode":"default","dirAngleDiy":[0,45,90,135,180,225,270,315],"modelFile":"source/model.gltf","modelGroup":{},"modelGroupCurrent":"all","syncCameraAngleToLight":false,"materialTree":{},"tag":"","thetaAngle":45,"hideControl":true}