{"id":"c649-0e89-4a1e-2a34","title":"Meat","originalDirPath":"D:/引擎工具/3Dpixelate/模型库/模型","originalFilePath":"D:/引擎工具/3Dpixelate/模型库/模型/meat.zip","previewFlipX":false,"duration":0,"state":{"camera":{"pos":{"x":-8667.935051703007,"y":24540.56762267072,"z":-20179.82411325368},"rotation":{"x":-2.256729088408833,"y":-0.2709333504558942,"z":-2.825581111035465},"pan":{"x":148.906,"y":-22.524,"z":-74.413},"dist":32944.039007536085,"fov":1}},"model":{"axis":"y","pos":{"x":0,"y":0,"z":0},"rotation":{"x":0,"y":0,"z":0},"rotationZ":0,"rotationX":0,"scale":214.56481,"defaultAngle":0},"modelTree":{},"light":{"intensity":0.5,"intensity2":1,"color":"#FFFFFF","color2":"#FFFFFF","pos":{"x":-6.123233995736766e-14,"y":1000,"z":-500},"modelShadow":false,"shadow":false,"shadowOpacity":0.1,"normalBias":1,"shadowMap":{"x":8192,"y":8192},"angle":180,"radius":500},"outline":{"color":"#FFFFFF","enabled":false,"edgeStrength":2,"edgeGlow":0,"edgeThickness":0.00001},"camera":{"fov":1,"dist":32944,"angle":48,"pan":{"x":148.906,"y":-22.524,"z":-74.413},"lookAtSphere":100},"objectTree":{},"color":0,"exportShadow":false,"exportSingleImg":false,"lockCameraAngle":false,"lockLightToCameraTarget":false,"other":{"hdr":null,"code":"GammaEncoding"},"unDir":[],"currentMesh":"default","canvasSize":{"w":894,"h":897},"size":{"w":484,"h":380},"frameSize":{"w":242,"h":190},"winSize":{"w":1196,"h":929},"dirAngle":45,"partAnim":{"scene.gltf":{"idle":{"anim":"noname","noAnim":true,"unDir":[],"duration":{"b":0,"e":0},"animFrames":[0],"keyFrame":[0],"frame":1}}},"smallScaleNum":{"w":0,"h":0},"smallScaleImage3D":1,"smallScaleImage3DFactor":2,"exportTimeout":100,"renderMode":"default","dirAngleDiy":[0,45,90,135,180,225,270,315],"modelFile":"scene.gltf","modelGroup":{},"modelGroupCurrent":"all","syncCameraAngleToLight":false,"materialTree":{},"tag":"","thetaAngle":45,"hideControl":true,"asset":{"author":"Alexei (https://sketchfab.com/Qooji)","license":"CC-BY-4.0 (http://creativecommons.org/licenses/by/4.0/)","source":"https://sketchfab.com/3d-models/meat-7863fa8fb96c4028a67dccc882595c67","title":"Meat"}}