{
  "id": "4cbe-cdc3-074d-a018",
  "title": "",
  "originalDirPath": "D:/引擎工具/3Dpixelate/模型库/动画",
  "originalFilePath": "D:/引擎工具/3Dpixelate/模型库/动画/bob-the-robot.zip",
  "previewFlipX": false,
  "duration": 0.6666666865348816,
  "state": {
    "camera": {
      "pos": {
        "x": -4091.839185895043,
        "y": 5306.397820065558,
        "z": 2293.170529623143
      },
      "rotation": {
        "x": -1.1624571860533683,
        "y": -0.618012008049804,
        "z": -0.9294016178585603
      },
      "pan": {
        "x": 5.251,
        "y": 17.088,
        "z": 4.708
      },
      "dist": 7071.067811865472,
      "fov": 1
    }
  },
  "model": {
    "axis": "y",
    "pos": {
      "x": 0,
      "y": 0,
      "z": 0
    },
    "rotation": {
      "x": 0,
      "y": 0,
      "z": 0
    },
    "rotationZ": 0,
    "rotationX": 0,
    "scale": 0.32723,
    "defaultAngle": 0
  },
  "modelTree": {},
  "light": {
    "intensity": 0.5,
    "intensity2": 1,
    "color": "#FFFFFF",
    "color2": "#FFFFFF",
    "pos": {
      "x": -6.123233995736766e-14,
      "y": 1000,
      "z": -500
    },
    "modelShadow": false,
    "shadow": false,
    "shadowOpacity": 0.1,
    "normalBias": 1,
    "shadowMap": {
      "x": 8192,
      "y": 8192
    },
    "angle": 180,
    "radius": 500
  },
  "outline": {
    "color": "#FFFFFF",
    "enabled": false,
    "edgeStrength": 2,
    "edgeGlow": 0,
    "edgeThickness": 0.00001
  },
  "camera": {
    "fov": 1,
    "dist": 7071,
    "angle": 48,
    "pan": {
      "x": 5.251,
      "y": 17.088,
      "z": 4.708
    },
    "lookAtSphere": 100
  },
  "objectTree": {},
  "color": 0,
  "exportShadow": false,
  "exportSingleImg": false,
  "lockCameraAngle": false,
  "lockLightToCameraTarget": false,
  "other": {
    "hdr": null,
    "code": "GammaEncoding"
  },
  "unDir": [],
  "currentMesh": "default",
  "canvasSize": {
    "w": 894,
    "h": 737
  },
  "size": {
    "w": 440,
    "h": 320
  },
  "frameSize": {
    "w": 220,
    "h": 160
  },
  "winSize": {
    "w": 1196,
    "h": 929
  },
  "dirAngle": 45,
  "partAnim": {
    "source/bob_the_robot.fbx": {
      "idle": {
        "anim": "bob_rig|hurt",
        "unDir": [],
        "duration": {
          "b": 0,
          "e": 0.6666666865348816
        },
        "keyFrame": [
          0,
          0.083,
          0.167,
          0.25,
          0.333,
          0.417,
          0.5,
          0.583
        ],
        "animFrames": [
          0,
          1,
          2,
          3,
          4,
          5,
          6,
          7
        ]
      }
    }
  },
  "smallScaleNum": {
    "w": 0,
    "h": 0
  },
  "smallScaleImage3D": 1,
  "smallScaleImage3DFactor": 2,
  "exportTimeout": 100,
  "renderMode": "default",
  "dirAngleDiy": [
    0,
    45,
    90,
    135,
    180,
    225,
    270,
    315
  ],
  "modelFile": "source/bob_the_robot.fbx",
  "modelGroup": {},
  "modelGroupCurrent": "all",
  "syncCameraAngleToLight": false,
  "materialTree": {},
  "tag": "",
  "thetaAngle": 45,
  "hideControl": true
}